{
  "fusion_results": {
    "standard": {
      "simple_average": {
        "mean": 0.6665809996455158,
        "std": 0.05088438123595462
      },
      "weighted": {
        "mean": 0.6723845710740871,
        "std": 0.05417442283507205
      }
    },
    "high_features": {
      "simple_average": {
        "mean": 0.6851670506912442,
        "std": 0.05366198925317629
      },
      "weighted": {
        "mean": 0.6870790499822758,
        "std": 0.05105464892967472
      }
    },
    "very_high": {
      "simple_average": {
        "mean": 0.6610466146756468,
        "std": 0.07126341508621001
      },
      "weighted": {
        "mean": 0.6633673785891527,
        "std": 0.0718579007439753
      }
    },
    "no_mutation": {
      "simple_average": {
        "mean": 0.6683201878766395,
        "std": 0.05916553686979938
      },
      "weighted": {
        "mean": 0.6739841811414392,
        "std": 0.05524375099680478
      }
    },
    "focus_protein": {
      "simple_average": {
        "mean": 0.6390619461183977,
        "std": 0.06374826447837917
      },
      "weighted": {
        "mean": 0.6509039347749025,
        "std": 0.07765486327043264
      }
    },
    "balanced": {
      "simple_average": {
        "mean": 0.632564914923786,
        "std": 0.03863512020897655
      },
      "weighted": {
        "mean": 0.6425580467919179,
        "std": 0.04417673382209894
      }
    }
  },
  "modality_performances": {
    "expression": {
      "mean": 0.6463933076332271,
      "std": 0.0803039291969579
    },
    "methylation": {
      "mean": 0.6291271564457048,
      "std": 0.07459537538034834
    },
    "protein": {
      "mean": 0.6481188334514946,
      "std": 0.05739320855322908
    },
    "mutation": {
      "mean": 0.5889859535625664,
      "std": 0.05299174439702747
    }
  },
  "best_config": "high_features",
  "best_method": "weighted",
  "best_auc": 0.6870790499822758
}