{
  "fusion_results": {
    "standard": {
      "simple_average": {
        "mean": 0.6749601205246366,
        "std": 0.053902882424626195
      },
      "weighted": {
        "mean": 0.6826180875576038,
        "std": 0.05823942092743084
      }
    },
    "high_features": {
      "simple_average": {
        "mean": 0.6980104572846507,
        "std": 0.07945715112037809
      },
      "weighted": {
        "mean": 0.7050048741581,
        "std": 0.08035188986596857
      }
    },
    "very_high": {
      "simple_average": {
        "mean": 0.6781482630272953,
        "std": 0.08077192828377389
      },
      "weighted": {
        "mean": 0.6849333126550868,
        "std": 0.08953858411061233
      }
    },
    "no_mutation": {
      "simple_average": {
        "mean": 0.6834987593052109,
        "std": 0.08588371765274765
      },
      "weighted": {
        "mean": 0.6900556097128676,
        "std": 0.08298878322140338
      }
    },
    "focus_protein": {
      "simple_average": {
        "mean": 0.6683545285359801,
        "std": 0.08287483221359769
      },
      "weighted": {
        "mean": 0.6725728908188586,
        "std": 0.09000771382822732
      }
    },
    "balanced": {
      "simple_average": {
        "mean": 0.6599000797589507,
        "std": 0.06091523725974782
      },
      "weighted": {
        "mean": 0.6698245303084013,
        "std": 0.07304822555565456
      }
    }
  },
  "modality_performances": {
    "expression": {
      "mean": 0.6463933076332271,
      "std": 0.0803039291969579
    },
    "methylation": {
      "mean": 0.6291271564457048,
      "std": 0.07459537538034834
    },
    "protein": {
      "mean": 0.6621069286895899,
      "std": 0.07414948388306938
    },
    "mutation": {
      "mean": 0.6095010634526764,
      "std": 0.03993592460466075
    }
  },
  "best_config": "high_features",
  "best_method": "weighted",
  "best_auc": 0.7050048741581
}