{
  "best_config": "dense_1500_5500",
  "best_auc": 0.7122449208216927,
  "top_15_configs": [
    [
      "dense_1500_5500",
      0.7122449208216927
    ],
    [
      "dense_2250_5000",
      0.7056554807418544
    ],
    [
      "dense_2000_5500",
      0.7029068933236794
    ],
    [
      "dense_2000_4500",
      0.701731889753264
    ],
    [
      "dense_2000_6000",
      0.7016081686958691
    ],
    [
      "dense_1750_4000",
      0.700833676713971
    ],
    [
      "dense_2250_4000",
      0.6976364158270014
    ],
    [
      "dense_1750_6000",
      0.6963068896035404
    ],
    [
      "dense_1750_5500",
      0.6939029812925529
    ],
    [
      "dense_1500_5000",
      0.6937483111016775
    ],
    [
      "dense_1500_4500",
      0.6937419130144059
    ],
    [
      "dense_2000_4000",
      0.6936326305144777
    ],
    [
      "dense_2250_6000",
      0.6934323660113889
    ],
    [
      "dense_2250_4500",
      0.690368244696321
    ],
    [
      "dense_1750_5000",
      0.6902296742295869
    ]
  ],
  "runtime_minutes": 410.3091124176979
}